area,price
1000,300000
1500,370000
2300,549000
3540,809000
4120,1240000
4560,986000
5490,1280000
3460,776000
4750,1228000
2300,637000
9000,2243000
8600,2230000
7100,1970000
2330,607000
4360,1069000
4690,1187000
9640,2267000
6190,1572000
9590,3057000
9230,2899000
8310,2587000
3410,850000
7840,2031000
7040,1938000
6290,1545000
7900,1868000
1580,396000
9030,2370000
3950,1308000
2380,752000
4740,1106000
8360,2086000
3870,1029000
1820,418000
4640,1120000
8790,2091000
7670,1872000
6480,1811000
960,289000
5100,1381000
1800,518000
8430,1889000
1820,451000
8670,2091000
7240,1668000
8690,2413000
7660,1725000
8720,2575000
9330,2166000
1680,421000
5690,1659000
5660,1785000
7130,1922000
9370,2014000
9480,2530000
8010,2393000
6080,1463000
2860,682000
860,197000
8810,2043000
3370,934000
6260,1831000
2830,663000
3500,911000
6060,1925000
6420,1779000
7540,1947000
1190,304000
6690,1878000
4360,1425000
6980,1886000
3900,897000
7080,1644000
9190,2604000
3900,1264000
8020,2501000
3250,865000
9800,2899000
3530,955000
8950,2863000
5860,1449000
8910,2602000
4640,1367000
1830,513000
8180,2153000
1300,395000
7710,2420000
9860,2815000
7740,2206000
5290,1547000
1010,258000
5930,1537000
6780,1458000
8520,2119000
7840,2216000
2280,488000
8660,2328000
1660,502000
3590,775000
8210,2045000
